"jaar";"Groep";"Life_event_cat";"Aantal";"Percentage";"pers_hh";"Label";"Korte_naam"
"2018";"0 Wel instromer";"0 Van werkend naar bijstand gegaan";2770;6,5;"Persoon";"Persoon is ergens in de afgelopen 3 jaar voor peilmoment van werkend naar bijstand gegaan";"Werkend naar bijstand"
"2018";"0 Wel instromer";"1 Niet van werkend naar bijstand gegaan";109230;0,9;"Persoon";"Persoon is ergens in de afgelopen 3 jaar voor peilmoment van werkend naar bijstand gegaan";"Werkend naar bijstand"
"2018";"0 Wel instromer";"0 Substantiële afname van huishoudinkomen";30600;1,7;"Persoon";"Persoon had ergens in de afgelopen 3 jaar te maken met substantiële afname van huishoudinkomen";"Afname huishoudinkomen"
"2018";"0 Wel instromer";"1 Geen substantiële afname van huishoudinkomen";81400;0,8;"Persoon";"Persoon had ergens in de afgelopen 3 jaar te maken met substantiële afname van huishoudinkomen";"Afname huishoudinkomen"
"2018";"0 Wel instromer";"0 In aanraking met Halt";370;1,2;"Persoon";"Persoon kwam ergens in de afgelopen 3 jaar in aanraking met Halt";"Halt"
"2018";"0 Wel instromer";"1 Niet in aanraking met Halt";111630;0,9;"Persoon";"Persoon kwam ergens in de afgelopen 3 jaar in aanraking met Halt";"Halt"
"2018";"0 Wel instromer";"0 Kind geboren in huishouden";9830;1,2;"Persoon";"Ergens in de afgelopen 3 jaar voor peilmoment is een kind geboren in huishouden van persoon";"Kind geboren"
"2018";"0 Wel instromer";"1 Geen kind geboren in huishouden";102170;0,9;"Persoon";"Ergens in de afgelopen 3 jaar voor peilmoment is een kind geboren in huishouden van persoon";"Kind geboren"
"2018";"0 Wel instromer";"0 Thuiswonend kind 18 jaar geworden";12740;0,8;"Persoon";"Persoon heeft ergens in de afgelopen 3 jaar voor peilmoment meegemaakt dat thuiswonend kind 18 jaar werd";"Thuiswonend kind werd 18 jaar"
"2018";"0 Wel instromer";"1 Geen thuiswonend kind 18 jaar geworden";99260;0,9;"Persoon";"Persoon heeft ergens in de afgelopen 3 jaar voor peilmoment meegemaakt dat thuiswonend kind 18 jaar werd";"Thuiswonend kind werd 18 jaar"
"2018";"0 Wel instromer";"0 Partner verloren";680;0,5;"Persoon";"Persoon heeft ergens in de afgelopen 3 jaar voor peilmoment partner verloren";"Partner verloren"
"2018";"0 Wel instromer";"1 Geen partner verloren";111330;0,9;"Persoon";"Persoon heeft ergens in de afgelopen 3 jaar voor peilmoment partner verloren";"Partner verloren"
"2018";"0 Wel instromer";"0 Uit elkaar gegaan";11360;3,1;"Persoon";"Persoon is ergens in de afgelopen 3 jaar voor peilmoment uit elkaar gegaan met partner";"Uit elkaar gegaan"
"2018";"0 Wel instromer";"1 Niet uit elkaar gegaan";100640;0,8;"Persoon";"Persoon is ergens in de afgelopen 3 jaar voor peilmoment uit elkaar gegaan met partner";"Uit elkaar gegaan"
"2018";"0 Wel instromer";"0 Slachtofferhulp ontvangen";8540;2,1;"Persoon";"Persoon kreeg ergens in de afgelopen 3 jaar Slachtofferhulp";"Slachtofferhulp"
"2018";"0 Wel instromer";"1 Geen slachtofferhulp ontvangen";103460;0,8;"Persoon";"Persoon kreeg ergens in de afgelopen 3 jaar Slachtofferhulp";"Slachtofferhulp"
"2018";"0 Wel instromer";"0 Ontslag (met toestemming UWV)";430;1;"Persoon";"Persoon is ergens in de afgelopen 3 jaar voor peilmoment ontslagen met toestemming van UWV";"Ontslag"
"2018";"0 Wel instromer";"1 Geen ontslag (met toestemming UWV)";111570;0,9;"Persoon";"Persoon is ergens in de afgelopen 3 jaar voor peilmoment ontslagen met toestemming van UWV";"Ontslag"
"2018";"0 Wel instromer";"0 Verdacht van misdrijf";11850;4,7;"Persoon";"Persoon is ergens in de afgelopen 3 jaar geregistreerd als verdachte van een misdrijf";"Verdacht van misdrijf"
"2018";"0 Wel instromer";"1 Niet verdacht van misdrijf";100150;0,8;"Persoon";"Persoon is ergens in de afgelopen 3 jaar geregistreerd als verdachte van een misdrijf";"Verdacht van misdrijf"
"2018";"0 Wel instromer";"0 Voortijdig schoolverlater";2960;4,1;"Persoon";"Persoon was ergens in de afgelopen 3 jaar voortijdig schoolverlater";"Voortijdig schoolverlater"
"2018";"0 Wel instromer";"1 Geen voortijdig schoolverlater";109040;0,9;"Persoon";"Persoon was ergens in de afgelopen 3 jaar voortijdig schoolverlater";"Voortijdig schoolverlater"
"2018";"0 Wel instromer";"0 Van werkend naar WW gegaan";12580;2,2;"Persoon";"Persoon is ergens in de afgelopen 3 jaar voor peilmoment van werkend naar WW gegaan";"Werkend naar WW"
"2018";"0 Wel instromer";"1 Niet van werkend naar WW gegaan";99430;0,8;"Persoon";"Persoon is ergens in de afgelopen 3 jaar voor peilmoment van werkend naar WW gegaan";"Werkend naar WW"
"2018";"0 Wel instromer";"0 Substantiële toename van zorgkosten";9420;1;"Persoon";"Persoon had ergens in de afgelopen 3 jaar te maken met substantiële toename van zorgkosten";"Toename zorgkosten"
"2018";"0 Wel instromer";"1 Geen substantiële toename van zorgkosten";102580;0,9;"Persoon";"Persoon had ergens in de afgelopen 3 jaar te maken met substantiële toename van zorgkosten";"Toename zorgkosten"
"2018";"0 Wel instromer";"0 Van werkend naar Ziektewet/AO gegaan";3930;2,7;"Persoon";"Persoon is ergens in de afgelopen 3 jaar voor peilmoment van werkend naar Ziektewet/AO gegaan";"Werkend naar Ziektewet/AO"
"2018";"0 Wel instromer";"1 Niet van werkend naar Ziektewet/AO gegaan";108070;0,9;"Persoon";"Persoon is ergens in de afgelopen 3 jaar voor peilmoment van werkend naar Ziektewet/AO gegaan";"Werkend naar Ziektewet/AO"
"2018";"0 Wel instromer";"0 Huishoudlid van werkend naar bijstand gegaan";880;3,2;"Huishouden";"Huishoudlid is ergens in de afgelopen 3 jaar voor peilmoment van werkend naar bijstand gegaan";"Werkend naar bijstand"
"2018";"0 Wel instromer";"1 Geen huishoudlid van werkend naar bijstand gegaan";111130;0,9;"Huishouden";"Huishoudlid is ergens in de afgelopen 3 jaar voor peilmoment van werkend naar bijstand gegaan";"Werkend naar bijstand"
"2018";"0 Wel instromer";"0 Huishoudlid in aanraking met Halt";1260;1,8;"Huishouden";"Een huishoudlid kwam ergens in de afgelopen 3 jaar in aanraking met Halt";"Halt"
"2018";"0 Wel instromer";"1 Geen huishoudlid in aanraking met Halt";110740;0,9;"Huishouden";"Een huishoudlid kwam ergens in de afgelopen 3 jaar in aanraking met Halt";"Halt"
"2018";"0 Wel instromer";"0 Huishoudlid heeft partner verloren";290;1,2;"Huishouden";"Huishoudlid heeft ergens in de afgelopen 3 jaar voor peilmoment partner verloren";"Partner verloren"
"2018";"0 Wel instromer";"1 Geen huishoudlid heeft partner verloren";111710;0,9;"Huishouden";"Huishoudlid heeft ergens in de afgelopen 3 jaar voor peilmoment partner verloren";"Partner verloren"
"2018";"0 Wel instromer";"0 Huishoudlid is uit elkaar gegaan";3230;1,6;"Huishouden";"Huishoudlid is ergens in de afgelopen 3 jaar voor peilmoment uit elkaar gegaan met partner";"Uit elkaar gegaan"
"2018";"0 Wel instromer";"1 Geen huishoudlid is uit elkaar gegaan";108770;0,9;"Huishouden";"Huishoudlid is ergens in de afgelopen 3 jaar voor peilmoment uit elkaar gegaan met partner";"Uit elkaar gegaan"
"2018";"0 Wel instromer";"0 Huishoudlid slachtofferhulp ontvangen";5250;1,2;"Huishouden";"Een huishoudlid kreeg ergens in de afgelopen 3 jaar Slachtofferhulp";"Slachtofferhulp"
"2018";"0 Wel instromer";"1 Geen huishoudlid slachtofferhulp ontvangen";106750;0,9;"Huishouden";"Een huishoudlid kreeg ergens in de afgelopen 3 jaar Slachtofferhulp";"Slachtofferhulp"
"2018";"0 Wel instromer";"0 Huishoudlid ontslagen (met toestemming UWV)";370;0,7;"Huishouden";"Huishoudlid is ergens in de afgelopen 3 jaar voor peilmoment ontslagen met toestemming van UWV";"Ontslag"
"2018";"0 Wel instromer";"1 Geen huishoudlid ontslagen (met toestemming UWV)";111630;0,9;"Huishouden";"Huishoudlid is ergens in de afgelopen 3 jaar voor peilmoment ontslagen met toestemming van UWV";"Ontslag"
"2018";"0 Wel instromer";"0 Huishoudlid verdacht van misdrijf";6260;2,2;"Huishouden";"Een huishoudlid is ergens in de afgelopen 3 jaar geregistreerd als verdachte van een misdrijf";"Verdacht van misdrijf"
"2018";"0 Wel instromer";"1 Geen huishoudlid verdacht van misdrijf";105740;0,9;"Huishouden";"Een huishoudlid is ergens in de afgelopen 3 jaar geregistreerd als verdachte van een misdrijf";"Verdacht van misdrijf"
"2018";"0 Wel instromer";"0 Huishoudlid is voortijdig schoolverlater";2300;2,1;"Huishouden";"Een huishoudlid was ergens in de afgelopen 3 jaar voortijdig schoolverlater";"Voortijdig schoolverlater"
"2018";"0 Wel instromer";"1 Geen huishoudlid is voortijdig schoolverlater";109700;0,9;"Huishouden";"Een huishoudlid was ergens in de afgelopen 3 jaar voortijdig schoolverlater";"Voortijdig schoolverlater"
"2018";"0 Wel instromer";"0 Huishoudlid van werkend naar WW gegaan";6870;1,2;"Huishouden";"Huishoudlid is ergens in de afgelopen 3 jaar voor peilmoment van werkend naar WW gegaan";"Werkend naar WW"
"2018";"0 Wel instromer";"1 Geen huishoudlid van werkend naar WW gegaan";105140;0,9;"Huishouden";"Huishoudlid is ergens in de afgelopen 3 jaar voor peilmoment van werkend naar WW gegaan";"Werkend naar WW"
"2018";"0 Wel instromer";"0 Huishoudlid met substantiële toename van zorgkosten";6620;0,7;"Huishouden";"Een huishoudlid had ergens in de afgelopen 3 jaar te maken met substantiele toename van zorgkosten";"Toename zorgkosten"
"2018";"0 Wel instromer";"1 Geen huishoudlid met substantiële toename van zorgkosten";105380;0,9;"Huishouden";"Een huishoudlid had ergens in de afgelopen 3 jaar te maken met substantiele toename van zorgkosten";"Toename zorgkosten"
"2018";"0 Wel instromer";"0 Huishoudlid van werkend naar Ziektewet/AO gegaan";2180;1,5;"Huishouden";"Huishoudlid is ergens in de afgelopen 3 jaar voor peilmoment van werkend naar Ziektewet/AO gegaan";"Werkend naar Ziektewet/AO"
"2018";"0 Wel instromer";"1 Geen huishoudlid van werkend naar Ziektewet/AO gegaan";109820;0,9;"Huishouden";"Huishoudlid is ergens in de afgelopen 3 jaar voor peilmoment van werkend naar Ziektewet/AO gegaan";"Werkend naar Ziektewet/AO"
"2020-01";"0 Wel instromer";"0 Van werkend naar bijstand gegaan";1970;6,9;"Persoon";"Persoon is ergens in de afgelopen 3 jaar voor peilmoment van werkend naar bijstand gegaan";"Werkend naar bijstand"
"2020-01";"0 Wel instromer";"1 Niet van werkend naar bijstand gegaan";82290;1,2;"Persoon";"Persoon is ergens in de afgelopen 3 jaar voor peilmoment van werkend naar bijstand gegaan";"Werkend naar bijstand"
"2020-01";"0 Wel instromer";"0 Diploma gehaald (MBO-2 tm 4, HBO of WO)";3880;1,1;"Persoon";"Persoon heeft ergens in de afgelopen 3 jaar voor peilmoment een diploma gehaald";"Diploma gehaald (MBO-2 t/m 4, HBO of WO)"
"2020-01";"0 Wel instromer";"1 Geen diploma gehaald (MBO-2 tm 4, HBO of WO)";80380;1,2;"Persoon";"Persoon heeft ergens in de afgelopen 3 jaar voor peilmoment een diploma gehaald";"Diploma gehaald (MBO-2 t/m 4, HBO of WO)"
"2020-01";"0 Wel instromer";"0 Van werkend naar WW gegaan";8440;3,2;"Persoon";"Persoon is ergens in de afgelopen 3 jaar voor peilmoment van werkend naar WW gegaan";"Werkend naar WW"
"2020-01";"0 Wel instromer";"1 Niet van werkend naar WW gegaan";75820;1,1;"Persoon";"Persoon is ergens in de afgelopen 3 jaar voor peilmoment van werkend naar WW gegaan";"Werkend naar WW"
"2020-01";"0 Wel instromer";"0 Van werkend naar WW gegaan en geen partner met baan";6970;4,1;"Persoon";"Persoon is ergens in de afgelopen 3 jaar voor peilmoment van werkend naar WW gegaan en heeft geen partner met baan";"Werkend naar WW en geen partner met baan"
"2020-01";"0 Wel instromer";"1 Niet van werkend naar WW gegaan en geen partner met baan";77290;1,1;"Persoon";"Persoon is ergens in de afgelopen 3 jaar voor peilmoment van werkend naar WW gegaan en heeft geen partner met baan";"Werkend naar WW en geen partner met baan"
"2020-01";"0 Wel instromer";"0 Huishoudlid van werkend naar bijstand gegaan";480;5,2;"Huishouden";"Huishoudlid is ergens in de afgelopen 3 jaar voor peilmoment van werkend naar bijstand gegaan";"Werkend naar bijstand"
"2020-01";"0 Wel instromer";"1 Geen huishoudlid van werkend naar bijstand gegaan";83780;1,2;"Huishouden";"Huishoudlid is ergens in de afgelopen 3 jaar voor peilmoment van werkend naar bijstand gegaan";"Werkend naar bijstand"
"2020-01";"0 Wel instromer";"0 Huishoudlid diploma gehaald (MBO-2 tm 4, HBO of WO)";5050;1,7;"Huishouden";"Huishoudlid heeft ergens in de afgelopen 3 jaar voor peilmoment een diploma gehaald";"Diploma gehaald (MBO-2 t/m 4, HBO of WO)"
"2020-01";"0 Wel instromer";"1 Geen huishoudlid diploma gehaald (MBO-2 tm 4, HBO of WO)";79210;1,2;"Huishouden";"Huishoudlid heeft ergens in de afgelopen 3 jaar voor peilmoment een diploma gehaald";"Diploma gehaald (MBO-2 t/m 4, HBO of WO)"
"2020-01";"0 Wel instromer";"0 Huishoudlid van werkend naar WW gegaan";3800;2,1;"Huishouden";"Huishoudlid is ergens in de afgelopen 3 jaar voor peilmoment van werkend naar WW gegaan";"Werkend naar WW"
"2020-01";"0 Wel instromer";"1 Geen huishoudlid van werkend naar WW gegaan";80460;1,1;"Huishouden";"Huishoudlid is ergens in de afgelopen 3 jaar voor peilmoment van werkend naar WW gegaan";"Werkend naar WW"
"2020-01";"0 Wel instromer";"0 Huishoudlid van werkend naar WW gegaan en geen partner met baan";2100;3,1;"Huishouden";"Huishoudlid is ergens in de afgelopen 3 jaar voor peilmoment van werkend naar WW gegaan en heeft geen partner met baan";"Werkend naar WW en geen partner met baan"
"2020-01";"0 Wel instromer";"1 Geen huishoudlid van werkend naar WW gegaan en geen partner met baan";82160;1,2;"Huishouden";"Huishoudlid is ergens in de afgelopen 3 jaar voor peilmoment van werkend naar WW gegaan en heeft geen partner met baan";"Werkend naar WW en geen partner met baan"
"2020-10";"0 Wel instromer";"0 Van werkend naar bijstand gegaan";1580;5,8;"Persoon";"Persoon is ergens in de afgelopen 3 jaar voor peilmoment van werkend naar bijstand gegaan";"Werkend naar bijstand"
"2020-10";"0 Wel instromer";"1 Niet van werkend naar bijstand gegaan";62760;0,9;"Persoon";"Persoon is ergens in de afgelopen 3 jaar voor peilmoment van werkend naar bijstand gegaan";"Werkend naar bijstand"
"2020-10";"0 Wel instromer";"0 Diploma gehaald (MBO-2 tm 4, HBO of WO)";2740;0,7;"Persoon";"Persoon heeft ergens in de afgelopen 3 jaar voor peilmoment een diploma gehaald";"Diploma gehaald (MBO-2 t/m 4, HBO of WO)"
"2020-10";"0 Wel instromer";"1 Geen diploma gehaald (MBO-2 tm 4, HBO of WO)";61600;0,9;"Persoon";"Persoon heeft ergens in de afgelopen 3 jaar voor peilmoment een diploma gehaald";"Diploma gehaald (MBO-2 t/m 4, HBO of WO)"
"2020-10";"0 Wel instromer";"0 Van werkend naar WW gegaan";6680;2,7;"Persoon";"Persoon is ergens in de afgelopen 3 jaar voor peilmoment van werkend naar WW gegaan";"Werkend naar WW"
"2020-10";"0 Wel instromer";"1 Niet van werkend naar WW gegaan";57660;0,8;"Persoon";"Persoon is ergens in de afgelopen 3 jaar voor peilmoment van werkend naar WW gegaan";"Werkend naar WW"
"2020-10";"0 Wel instromer";"0 Van werkend naar WW gegaan en geen partner met baan";5590;3,5;"Persoon";"Persoon is ergens in de afgelopen 3 jaar voor peilmoment van werkend naar WW gegaan en heeft geen partner met baan";"Werkend naar WW en geen partner met baan"
"2020-10";"0 Wel instromer";"1 Niet van werkend naar WW gegaan en geen partner met baan";58750;0,8;"Persoon";"Persoon is ergens in de afgelopen 3 jaar voor peilmoment van werkend naar WW gegaan en heeft geen partner met baan";"Werkend naar WW en geen partner met baan"
"2020-10";"0 Wel instromer";"0 Huishoudlid van werkend naar bijstand gegaan";360;4,1;"Huishouden";"Huishoudlid is ergens in de afgelopen 3 jaar voor peilmoment van werkend naar bijstand gegaan";"Werkend naar bijstand"
"2020-10";"0 Wel instromer";"1 Geen huishoudlid van werkend naar bijstand gegaan";63990;0,9;"Huishouden";"Huishoudlid is ergens in de afgelopen 3 jaar voor peilmoment van werkend naar bijstand gegaan";"Werkend naar bijstand"
"2020-10";"0 Wel instromer";"0 Huishoudlid diploma gehaald (MBO-2 tm 4, HBO of WO)";3690;1,2;"Huishouden";"Huishoudlid heeft ergens in de afgelopen 3 jaar voor peilmoment een diploma gehaald";"Diploma gehaald (MBO-2 t/m 4, HBO of WO)"
"2020-10";"0 Wel instromer";"1 Geen huishoudlid diploma gehaald (MBO-2 tm 4, HBO of WO)";60650;0,9;"Huishouden";"Huishoudlid heeft ergens in de afgelopen 3 jaar voor peilmoment een diploma gehaald";"Diploma gehaald (MBO-2 t/m 4, HBO of WO)"
"2020-10";"0 Wel instromer";"0 Huishoudlid van werkend naar WW gegaan";2700;1,6;"Huishouden";"Huishoudlid is ergens in de afgelopen 3 jaar voor peilmoment van werkend naar WW gegaan";"Werkend naar WW"
"2020-10";"0 Wel instromer";"1 Geen huishoudlid van werkend naar WW gegaan";61640;0,9;"Huishouden";"Huishoudlid is ergens in de afgelopen 3 jaar voor peilmoment van werkend naar WW gegaan";"Werkend naar WW"
"2020-10";"0 Wel instromer";"0 Huishoudlid van werkend naar WW gegaan en geen partner met baan";1530;2,4;"Huishouden";"Huishoudlid is ergens in de afgelopen 3 jaar voor peilmoment van werkend naar WW gegaan en heeft geen partner met baan";"Werkend naar WW en geen partner met baan"
"2020-10";"0 Wel instromer";"1 Geen huishoudlid van werkend naar WW gegaan en geen partner met baan";62810;0,9;"Huishouden";"Huishoudlid is ergens in de afgelopen 3 jaar voor peilmoment van werkend naar WW gegaan en heeft geen partner met baan";"Werkend naar WW en geen partner met baan"
"2021-01";"0 Wel instromer";"0 Van werkend naar bijstand gegaan";1780;6,6;"Persoon";"Persoon is ergens in de afgelopen 3 jaar voor peilmoment van werkend naar bijstand gegaan";"Werkend naar bijstand"
"2021-01";"0 Wel instromer";"1 Niet van werkend naar bijstand gegaan";74340;1;"Persoon";"Persoon is ergens in de afgelopen 3 jaar voor peilmoment van werkend naar bijstand gegaan";"Werkend naar bijstand"
"2021-01";"0 Wel instromer";"0 Diploma gehaald (MBO-2 tm 4, HBO of WO)";3030;0,8;"Persoon";"Persoon heeft ergens in de afgelopen 3 jaar voor peilmoment een diploma gehaald";"Diploma gehaald (MBO-2 t/m 4, HBO of WO)"
"2021-01";"0 Wel instromer";"1 Geen diploma gehaald (MBO-2 tm 4, HBO of WO)";73080;1,1;"Persoon";"Persoon heeft ergens in de afgelopen 3 jaar voor peilmoment een diploma gehaald";"Diploma gehaald (MBO-2 t/m 4, HBO of WO)"
"2021-01";"0 Wel instromer";"0 Van werkend naar WW gegaan";7500;3;"Persoon";"Persoon is ergens in de afgelopen 3 jaar voor peilmoment van werkend naar WW gegaan";"Werkend naar WW"
"2021-01";"0 Wel instromer";"1 Niet van werkend naar WW gegaan";68620;1;"Persoon";"Persoon is ergens in de afgelopen 3 jaar voor peilmoment van werkend naar WW gegaan";"Werkend naar WW"
"2021-01";"0 Wel instromer";"0 Van werkend naar WW gegaan en geen partner met baan";6110;3,9;"Persoon";"Persoon is ergens in de afgelopen 3 jaar voor peilmoment van werkend naar WW gegaan en heeft geen partner met baan";"Werkend naar WW en geen partner met baan"
"2021-01";"0 Wel instromer";"1 Niet van werkend naar WW gegaan en geen partner met baan";70000;1;"Persoon";"Persoon is ergens in de afgelopen 3 jaar voor peilmoment van werkend naar WW gegaan en heeft geen partner met baan";"Werkend naar WW en geen partner met baan"
"2021-01";"0 Wel instromer";"0 Huishoudlid van werkend naar bijstand gegaan";470;5,3;"Huishouden";"Huishoudlid is ergens in de afgelopen 3 jaar voor peilmoment van werkend naar bijstand gegaan";"Werkend naar bijstand"
"2021-01";"0 Wel instromer";"1 Geen huishoudlid van werkend naar bijstand gegaan";75640;1;"Huishouden";"Huishoudlid is ergens in de afgelopen 3 jaar voor peilmoment van werkend naar bijstand gegaan";"Werkend naar bijstand"
"2021-01";"0 Wel instromer";"0 Huishoudlid diploma gehaald (MBO-2 tm 4, HBO of WO)";4470;1,5;"Huishouden";"Huishoudlid heeft ergens in de afgelopen 3 jaar voor peilmoment een diploma gehaald";"Diploma gehaald (MBO-2 t/m 4, HBO of WO)"
"2021-01";"0 Wel instromer";"1 Geen huishoudlid diploma gehaald (MBO-2 tm 4, HBO of WO)";71640;1;"Huishouden";"Huishoudlid heeft ergens in de afgelopen 3 jaar voor peilmoment een diploma gehaald";"Diploma gehaald (MBO-2 t/m 4, HBO of WO)"
"2021-01";"0 Wel instromer";"0 Huishoudlid van werkend naar WW gegaan";3140;1,9;"Huishouden";"Huishoudlid is ergens in de afgelopen 3 jaar voor peilmoment van werkend naar WW gegaan";"Werkend naar WW"
"2021-01";"0 Wel instromer";"1 Geen huishoudlid van werkend naar WW gegaan";72980;1;"Huishouden";"Huishoudlid is ergens in de afgelopen 3 jaar voor peilmoment van werkend naar WW gegaan";"Werkend naar WW"
"2021-01";"0 Wel instromer";"0 Huishoudlid van werkend naar WW gegaan en geen partner met baan";1610;2,7;"Huishouden";"Huishoudlid is ergens in de afgelopen 3 jaar voor peilmoment van werkend naar WW gegaan en heeft geen partner met baan";"Werkend naar WW en geen partner met baan"
"2021-01";"0 Wel instromer";"1 Geen huishoudlid van werkend naar WW gegaan en geen partner met baan";74500;1;"Huishouden";"Huishoudlid is ergens in de afgelopen 3 jaar voor peilmoment van werkend naar WW gegaan en heeft geen partner met baan";"Werkend naar WW en geen partner met baan"
"2021-10";"0 Wel instromer";"0 Van werkend naar bijstand gegaan";1390;4,9;"Persoon";"Persoon is ergens in de afgelopen 3 jaar voor peilmoment van werkend naar bijstand gegaan";"Werkend naar bijstand"
"2021-10";"0 Wel instromer";"1 Niet van werkend naar bijstand gegaan";82610;1,1;"Persoon";"Persoon is ergens in de afgelopen 3 jaar voor peilmoment van werkend naar bijstand gegaan";"Werkend naar bijstand"
"2021-10";"0 Wel instromer";"0 Diploma gehaald (MBO-2 tm 4, HBO of WO)";2650;0,7;"Persoon";"Persoon heeft ergens in de afgelopen 3 jaar voor peilmoment een diploma gehaald";"Diploma gehaald (MBO-2 t/m 4, HBO of WO)"
"2021-10";"0 Wel instromer";"1 Geen diploma gehaald (MBO-2 tm 4, HBO of WO)";81350;1,2;"Persoon";"Persoon heeft ergens in de afgelopen 3 jaar voor peilmoment een diploma gehaald";"Diploma gehaald (MBO-2 t/m 4, HBO of WO)"
"2021-10";"0 Wel instromer";"0 Van werkend naar WW gegaan";6540;2,4;"Persoon";"Persoon is ergens in de afgelopen 3 jaar voor peilmoment van werkend naar WW gegaan";"Werkend naar WW"
"2021-10";"0 Wel instromer";"1 Niet van werkend naar WW gegaan";77460;1,1;"Persoon";"Persoon is ergens in de afgelopen 3 jaar voor peilmoment van werkend naar WW gegaan";"Werkend naar WW"
"2021-10";"0 Wel instromer";"0 Van werkend naar WW gegaan en geen partner met baan";5250;3;"Persoon";"Persoon is ergens in de afgelopen 3 jaar voor peilmoment van werkend naar WW gegaan en heeft geen partner met baan";"Werkend naar WW en geen partner met baan"
"2021-10";"0 Wel instromer";"1 Niet van werkend naar WW gegaan en geen partner met baan";78750;1,1;"Persoon";"Persoon is ergens in de afgelopen 3 jaar voor peilmoment van werkend naar WW gegaan en heeft geen partner met baan";"Werkend naar WW en geen partner met baan"
"2021-10";"0 Wel instromer";"0 Huishoudlid van werkend naar bijstand gegaan";370;4;"Huishouden";"Huishoudlid is ergens in de afgelopen 3 jaar voor peilmoment van werkend naar bijstand gegaan";"Werkend naar bijstand"
"2021-10";"0 Wel instromer";"1 Geen huishoudlid van werkend naar bijstand gegaan";83630;1,1;"Huishouden";"Huishoudlid is ergens in de afgelopen 3 jaar voor peilmoment van werkend naar bijstand gegaan";"Werkend naar bijstand"
"2021-10";"0 Wel instromer";"0 Huishoudlid diploma gehaald (MBO-2 tm 4, HBO of WO)";5220;1,7;"Huishouden";"Huishoudlid heeft ergens in de afgelopen 3 jaar voor peilmoment een diploma gehaald";"Diploma gehaald (MBO-2 t/m 4, HBO of WO)"
"2021-10";"0 Wel instromer";"1 Geen huishoudlid diploma gehaald (MBO-2 tm 4, HBO of WO)";78790;1,1;"Huishouden";"Huishoudlid heeft ergens in de afgelopen 3 jaar voor peilmoment een diploma gehaald";"Diploma gehaald (MBO-2 t/m 4, HBO of WO)"
"2021-10";"0 Wel instromer";"0 Huishoudlid van werkend naar WW gegaan";3860;2,1;"Huishouden";"Huishoudlid is ergens in de afgelopen 3 jaar voor peilmoment van werkend naar WW gegaan";"Werkend naar WW"
"2021-10";"0 Wel instromer";"1 Geen huishoudlid van werkend naar WW gegaan";80140;1,1;"Huishouden";"Huishoudlid is ergens in de afgelopen 3 jaar voor peilmoment van werkend naar WW gegaan";"Werkend naar WW"
"2021-10";"0 Wel instromer";"0 Huishoudlid van werkend naar WW gegaan en geen partner met baan";1940;2,7;"Huishouden";"Huishoudlid is ergens in de afgelopen 3 jaar voor peilmoment van werkend naar WW gegaan en heeft geen partner met baan";"Werkend naar WW en geen partner met baan"
"2021-10";"0 Wel instromer";"1 Geen huishoudlid van werkend naar WW gegaan en geen partner met baan";82060;1,1;"Huishouden";"Huishoudlid is ergens in de afgelopen 3 jaar voor peilmoment van werkend naar WW gegaan en heeft geen partner met baan";"Werkend naar WW en geen partner met baan"
"2022-01";"0 Wel instromer";"0 Huishoudlid diploma gehaald (MBO-2 tm 4, HBO of WO)";8210;2,7;"Huishouden";"Huishoudlid heeft ergens in de afgelopen 3 jaar voor peilmoment een diploma gehaald";"Diploma gehaald (MBO-2 t/m 4, HBO of WO)"
"2022-01";"0 Wel instromer";"1 Geen huishoudlid diploma gehaald (MBO-2 tm 4, HBO of WO)";117650;1,7;"Huishouden";"Huishoudlid heeft ergens in de afgelopen 3 jaar voor peilmoment een diploma gehaald";"Diploma gehaald (MBO-2 t/m 4, HBO of WO)"
"2022-01";"0 Wel instromer";"0 Huishoudlid van werkend naar WW gegaan";6220;3,1;"Huishouden";"Huishoudlid is ergens in de afgelopen 3 jaar voor peilmoment van werkend naar WW gegaan";"Werkend naar WW"
"2022-01";"0 Wel instromer";"1 Geen huishoudlid van werkend naar WW gegaan";119640;1,7;"Huishouden";"Huishoudlid is ergens in de afgelopen 3 jaar voor peilmoment van werkend naar WW gegaan";"Werkend naar WW"
"2022-01";"0 Wel instromer";"0 Huishoudlid van werkend naar WW gegaan en geen partner met baan";4200;4,8;"Huishouden";"Huishoudlid is ergens in de afgelopen 3 jaar voor peilmoment van werkend naar WW gegaan en heeft geen partner met baan";"Werkend naar WW en geen partner met baan"
"2022-01";"0 Wel instromer";"1 Geen huishoudlid van werkend naar WW gegaan en geen partner met baan";121660;1,7;"Huishouden";"Huishoudlid is ergens in de afgelopen 3 jaar voor peilmoment van werkend naar WW gegaan en heeft geen partner met baan";"Werkend naar WW en geen partner met baan"
"2022-01";"0 Wel instromer";"0 Diploma gehaald (MBO-2 tm 4, HBO of WO)";4150;1,1;"Persoon";"Persoon heeft ergens in de afgelopen 3 jaar voor peilmoment een diploma gehaald";"Diploma gehaald (MBO-2 t/m 4, HBO of WO)"
"2022-01";"0 Wel instromer";"1 Geen diploma gehaald (MBO-2 tm 4, HBO of WO)";121710;1,7;"Persoon";"Persoon heeft ergens in de afgelopen 3 jaar voor peilmoment een diploma gehaald";"Diploma gehaald (MBO-2 t/m 4, HBO of WO)"
"2022-01";"0 Wel instromer";"0 Van werkend naar WW gegaan";9010;3,1;"Persoon";"Persoon is ergens in de afgelopen 3 jaar voor peilmoment van werkend naar WW gegaan";"Werkend naar WW"
"2022-01";"0 Wel instromer";"1 Niet van werkend naar WW gegaan";116850;1,7;"Persoon";"Persoon is ergens in de afgelopen 3 jaar voor peilmoment van werkend naar WW gegaan";"Werkend naar WW"
"2022-01";"0 Wel instromer";"0 Van werkend naar WW gegaan en geen partner met baan";7100;3,6;"Persoon";"Persoon is ergens in de afgelopen 3 jaar voor peilmoment van werkend naar WW gegaan en heeft geen partner met baan";"Werkend naar WW en geen partner met baan"
"2022-01";"0 Wel instromer";"1 Niet van werkend naar WW gegaan en geen partner met baan";118750;1,7;"Persoon";"Persoon is ergens in de afgelopen 3 jaar voor peilmoment van werkend naar WW gegaan en heeft geen partner met baan";"Werkend naar WW en geen partner met baan"
"2022-01";"0 Wel instromer";"0 Van werkend naar bijstand gegaan";980;6,2;"Persoon";"Persoon is ergens in de afgelopen 3 jaar voor peilmoment van werkend naar bijstand gegaan";"Werkend naar bijstand"
"2022-01";"0 Wel instromer";"1 Niet van werkend naar bijstand gegaan";124870;1,7;"Persoon";"Persoon is ergens in de afgelopen 3 jaar voor peilmoment van werkend naar bijstand gegaan";"Werkend naar bijstand"
"2022-01";"0 Wel instromer";"0 Van werkend naar bijstand gegaan en geen partner met werk";950;6,2;"Persoon";"Persoon is ergens in de afgelopen 3 jaar voor peilmoment van werkend naar bijstand gegaan en heeft geen partner met baan";"Werkend naar bijstand en geen partner met baan"
"2022-01";"0 Wel instromer";"1 Niet van werkend naar bijstand gegaan en geen partner met baan";124910;1,7;"Persoon";"Persoon is ergens in de afgelopen 3 jaar voor peilmoment van werkend naar bijstand gegaan en heeft geen partner met baan";"Werkend naar bijstand en geen partner met baan"
"2022-01";"0 Wel instromer";"0 Huishoudlid van werkend naar bijstand gegaan";330;6,4;"Huishouden";"Huishoudlid is ergens in de afgelopen 3 jaar voor peilmoment van werkend naar bijstand gegaan";"Werkend naar bijstand"
"2022-01";"0 Wel instromer";"1 Geen huishoudlid van werkend naar bijstand gegaan";125530;1,7;"Huishouden";"Huishoudlid is ergens in de afgelopen 3 jaar voor peilmoment van werkend naar bijstand gegaan";"Werkend naar bijstand"
"2022-01";"0 Wel instromer";"0 Huishoudlid van werkend naar bijstand gegaan en geen partner met baan";280;6,2;"Huishouden";"Huishoudlid is ergens in de afgelopen 3 jaar voor peilmoment van werkend naar bijstand gegaan en heeft geen partner met baan";"Werkend naar bijstand en geen partner met baan"
"2022-01";"0 Wel instromer";"1 Geen huishoudlid van werkend naar bijstand gegaan en geen partner met baan";125570;1,7;"Huishouden";"Huishoudlid is ergens in de afgelopen 3 jaar voor peilmoment van werkend naar bijstand gegaan en heeft geen partner met baan";"Werkend naar bijstand en geen partner met baan"
"2023-01";"0 Wel instromer";"0 Huishoudlid diploma gehaald (MBO-2 tm 4, HBO of WO)";10050;3,2;"Huishouden";"Huishoudlid heeft ergens in de afgelopen 3 jaar voor peilmoment een diploma gehaald";"Diploma gehaald (MBO-2 t/m 4, HBO of WO)"
"2023-01";"0 Wel instromer";"1 Geen huishoudlid diploma gehaald (MBO-2 tm 4, HBO of WO)";138620;2;"Huishouden";"Huishoudlid heeft ergens in de afgelopen 3 jaar voor peilmoment een diploma gehaald";"Diploma gehaald (MBO-2 t/m 4, HBO of WO)"
"2023-01";"0 Wel instromer";"0 Huishoudlid van werkend naar WW gegaan";6640;3,8;"Huishouden";"Huishoudlid is ergens in de afgelopen 3 jaar voor peilmoment van werkend naar WW gegaan";"Werkend naar WW"
"2023-01";"0 Wel instromer";"1 Geen huishoudlid van werkend naar WW gegaan";142040;2;"Huishouden";"Huishoudlid is ergens in de afgelopen 3 jaar voor peilmoment van werkend naar WW gegaan";"Werkend naar WW"
"2023-01";"0 Wel instromer";"0 Huishoudlid van werkend naar WW gegaan en geen partner met baan";4370;5,4;"Huishouden";"Huishoudlid is ergens in de afgelopen 3 jaar voor peilmoment van werkend naar WW gegaan en heeft geen partner met baan";"Werkend naar WW en geen partner met baan"
"2023-01";"0 Wel instromer";"1 Geen huishoudlid van werkend naar WW gegaan en geen partner met baan";144300;2;"Huishouden";"Huishoudlid is ergens in de afgelopen 3 jaar voor peilmoment van werkend naar WW gegaan en heeft geen partner met baan";"Werkend naar WW en geen partner met baan"
"2023-01";"0 Wel instromer";"0 Diploma gehaald (MBO-2 tm 4, HBO of WO)";5870;1,6;"Persoon";"Persoon heeft ergens in de afgelopen 3 jaar voor peilmoment een diploma gehaald";"Diploma gehaald (MBO-2 t/m 4, HBO of WO)"
"2023-01";"0 Wel instromer";"1 Geen diploma gehaald (MBO-2 tm 4, HBO of WO)";142800;2;"Persoon";"Persoon heeft ergens in de afgelopen 3 jaar voor peilmoment een diploma gehaald";"Diploma gehaald (MBO-2 t/m 4, HBO of WO)"
"2023-01";"0 Wel instromer";"0 Van werkend naar WW gegaan";11630;4,5;"Persoon";"Persoon is ergens in de afgelopen 3 jaar voor peilmoment van werkend naar WW gegaan";"Werkend naar WW"
"2023-01";"0 Wel instromer";"1 Niet van werkend naar WW gegaan";137040;1,9;"Persoon";"Persoon is ergens in de afgelopen 3 jaar voor peilmoment van werkend naar WW gegaan";"Werkend naar WW"
"2023-01";"0 Wel instromer";"0 Van werkend naar WW gegaan en geen partner met baan";9180;5,2;"Persoon";"Persoon is ergens in de afgelopen 3 jaar voor peilmoment van werkend naar WW gegaan en heeft geen partner met baan";"Werkend naar WW en geen partner met baan"
"2023-01";"0 Wel instromer";"1 Niet van werkend naar WW gegaan en geen partner met baan";139500;1,9;"Persoon";"Persoon is ergens in de afgelopen 3 jaar voor peilmoment van werkend naar WW gegaan en heeft geen partner met baan";"Werkend naar WW en geen partner met baan"
"2023-01";"0 Wel instromer";"0 Van werkend naar bijstand gegaan";1180;9,2;"Persoon";"Persoon is ergens in de afgelopen 3 jaar voor peilmoment van werkend naar bijstand gegaan";"Werkend naar bijstand"
"2023-01";"0 Wel instromer";"1 Niet van werkend naar bijstand gegaan";147500;2;"Persoon";"Persoon is ergens in de afgelopen 3 jaar voor peilmoment van werkend naar bijstand gegaan";"Werkend naar bijstand"
"2023-01";"0 Wel instromer";"0 Van werkend naar bijstand gegaan en geen partner met werk";1140;9,2;"Persoon";"Persoon is ergens in de afgelopen 3 jaar voor peilmoment van werkend naar bijstand gegaan en heeft geen partner met baan";"Werkend naar bijstand en geen partner met baan"
"2023-01";"0 Wel instromer";"1 Niet van werkend naar bijstand gegaan en geen partner met baan";147530;2;"Persoon";"Persoon is ergens in de afgelopen 3 jaar voor peilmoment van werkend naar bijstand gegaan en heeft geen partner met baan";"Werkend naar bijstand en geen partner met baan"
"2023-01";"0 Wel instromer";"0 Huishoudlid van werkend naar bijstand gegaan";380;9;"Huishouden";"Huishoudlid is ergens in de afgelopen 3 jaar voor peilmoment van werkend naar bijstand gegaan";"Werkend naar bijstand"
"2023-01";"0 Wel instromer";"1 Geen huishoudlid van werkend naar bijstand gegaan";148290;2;"Huishouden";"Huishoudlid is ergens in de afgelopen 3 jaar voor peilmoment van werkend naar bijstand gegaan";"Werkend naar bijstand"
"2023-01";"0 Wel instromer";"0 Huishoudlid van werkend naar bijstand gegaan en geen partner met baan";350;8,9;"Huishouden";"Huishoudlid is ergens in de afgelopen 3 jaar voor peilmoment van werkend naar bijstand gegaan en heeft geen partner met baan";"Werkend naar bijstand en geen partner met baan"
"2023-01";"0 Wel instromer";"1 Geen huishoudlid van werkend naar bijstand gegaan en geen partner met baan";148330;2;"Huishouden";"Huishoudlid is ergens in de afgelopen 3 jaar voor peilmoment van werkend naar bijstand gegaan en heeft geen partner met baan";"Werkend naar bijstand en geen partner met baan"
"2024-01";"0 Wel instromer";"0 Huishoudlid van werkend naar bijstand gegaan";340;8,8;"Huishouden";"Huishoudlid is ergens in de afgelopen 3 jaar voor peilmoment van werkend naar bijstand gegaan";"Werkend naar bijstand"
"2024-01";"0 Wel instromer";"1 Geen huishoudlid van werkend naar bijstand gegaan";138430;1,9;"Huishouden";"Huishoudlid is ergens in de afgelopen 3 jaar voor peilmoment van werkend naar bijstand gegaan";"Werkend naar bijstand"
"2024-01";"0 Wel instromer";"0 Huishoudlid heeft diploma gehaald (MBO-2 tm 4, HBO of WO)";9330;3;"Huishouden";"Huishoudlid heeft ergens in de afgelopen 3 jaar voor peilmoment een diploma gehaald";"Diploma gehaald (MBO-2 t/m 4, HBO of WO)"
"2024-01";"0 Wel instromer";"1 Huishoudlid heeft geen diploma gehaald (MBO-2 tm 4, HBO of WO)";129430;1,8;"Huishouden";"Huishoudlid heeft ergens in de afgelopen 3 jaar voor peilmoment een diploma gehaald";"Diploma gehaald (MBO-2 t/m 4, HBO of WO)"
"2024-01";"0 Wel instromer";"0 Huishoudlid van werkend naar WW gegaan";5400;3,6;"Huishouden";"Huishoudlid is ergens in de afgelopen 3 jaar voor peilmoment van werkend naar WW gegaan";"Werkend naar WW"
"2024-01";"0 Wel instromer";"1 Geen huishoudlid van werkend naar WW gegaan";133360;1,8;"Huishouden";"Huishoudlid is ergens in de afgelopen 3 jaar voor peilmoment van werkend naar WW gegaan";"Werkend naar WW"
"2024-01";"0 Wel instromer";"0 Huishoudlid van werkend naar WW gegaan en geen partner met baan";3180;4,8;"Huishouden";"Huishoudlid is ergens in de afgelopen 3 jaar voor peilmoment van werkend naar WW gegaan en heeft geen partner met baan";"Werkend naar WW en geen partner met baan"
"2024-01";"0 Wel instromer";"1 Geen huishoudlid van werkend naar WW gegaan en geen partner met baan";135580;1,8;"Huishouden";"Huishoudlid is ergens in de afgelopen 3 jaar voor peilmoment van werkend naar WW gegaan en heeft geen partner met baan";"Werkend naar WW en geen partner met baan"
"2024-01";"0 Wel instromer";"0 Van werkend naar bijstand gegaan";1260;10,9;"Persoon";"Persoon is ergens in de afgelopen 3 jaar voor peilmoment van werkend naar bijstand gegaan";"Werkend naar bijstand"
"2024-01";"0 Wel instromer";"1 Niet van werkend naar bijstand gegaan";137500;1,8;"Persoon";"Persoon is ergens in de afgelopen 3 jaar voor peilmoment van werkend naar bijstand gegaan";"Werkend naar bijstand"
"2024-01";"0 Wel instromer";"0 Diploma gehaald (MBO-2 tm 4, HBO of WO)";7330;1,9;"Persoon";"Persoon heeft ergens in de afgelopen 3 jaar voor peilmoment een diploma gehaald";"Diploma gehaald (MBO-2 t/m 4, HBO of WO)"
"2024-01";"0 Wel instromer";"1 Geen diploma gehaald (MBO-2 tm 4, HBO of WO)";131430;1,9;"Persoon";"Persoon heeft ergens in de afgelopen 3 jaar voor peilmoment een diploma gehaald";"Diploma gehaald (MBO-2 t/m 4, HBO of WO)"
"2024-01";"0 Wel instromer";"0 Van werkend naar WW gegaan";10650;4,8;"Persoon";"Persoon is ergens in de afgelopen 3 jaar voor peilmoment van werkend naar WW gegaan";"Werkend naar WW"
"2024-01";"0 Wel instromer";"1 Niet van werkend naar WW gegaan";128110;1,8;"Persoon";"Persoon is ergens in de afgelopen 3 jaar voor peilmoment van werkend naar WW gegaan";"Werkend naar WW"
"2024-01";"0 Wel instromer";"0 Van werkend naar WW gegaan en geen partner met baan";8650;5,7;"Persoon";"Persoon is ergens in de afgelopen 3 jaar voor peilmoment van werkend naar WW gegaan en heeft geen partner met baan";"Werkend naar WW en geen partner met baan"
"2024-01";"0 Wel instromer";"1 Niet van werkend naar WW gegaan en geen partner met baan";130110;1,8;"Persoon";"Persoon is ergens in de afgelopen 3 jaar voor peilmoment van werkend naar WW gegaan en heeft geen partner met baan";"Werkend naar WW en geen partner met baan"
